"Cluster","Customers","AvgRecency","AvgFrequency","AvgTotalSpent","AvgTotalItems","AvgOrderValue","AvgItemsPerOrder","AvgDistinctProducts"
"1",1267,29.9117008681926,9.89265982636148,5731.65708839779,3311.51933701657,695.765253168856,424.527882737488,133.172849250197
"2",1966,87.934563270035,2.19532044760936,699.559472533062,417.53509664293,378.222877028533,232.03247388138,44.0050864699898
"3",1105,170.617609979889,1.52217194570136,248.022126696833,136.87149321267,174.862091930618,95.507791424262,10.4506787330317
