"Model","RMSE","MAE","MAPE"
"Seasonal Naive",282882.704324579,243368.332666667,36.7284407057998
"ETS",308088.548324505,302356.717374919,36.0978870769907
"ARIMA",282882.704324579,243368.332666667,36.7284407057998
