"Model","Accuracy","Kappa","Precision","Recall","F1","AUC"
"Decision Tree (0.35 cutoff)",0.738177623990773,0.448085071776507,0.593406593406593,0.732203389830508,0.655538694992413,0.77342953656513
"Neural Network",0.747404844290657,0.396249153388513,0.679245283018868,0.488135593220339,0.568047337278107,0.809831693729999
"Neural Network (0.35 threshold)",0.724336793540946,0.43642040617614,0.569306930693069,0.779661016949153,0.658082975679542,0.809831693729999
"Random Forest",0.715109573241061,0.348879422790999,0.590909090909091,0.528813559322034,0.558139534883721,0.777486073248785
